Week,Problem,Solution
1,A mischievous missed period sparks a whirlwind of curiosity about new beginnings.,"Take a deep breath, dear! Confirm with a home pregnancy test and visit your doctor to embrace this magical journey."
1,"Pesky bloating sneaks in, making your favorite jeans feel like a snug embrace.",You are doing wonderfully! Sip 6-8 glasses of water daily and savor a balanced diet to ease bloating with care.
1,"Mood swings dance like a tempest, swirling your emotions in unexpected twirls.","Be gentle with yourself, love! Rest, relax, and share your feelings with a loved one for warm support."
2,Delicate implantation spotting paints a faint surprise across your days.,"No worries, sweet mama! Monitor spotting gently and reach out to your doctor if it grows heavy for reassurance."
2,Gentle cramps whisper tales of your body have early transformation.,You have got this! Continue 400 mcg folic acid daily and steer clear of smoking or alcohol to nurture your little one.
2,"A wave of fatigue drapes over you, slowing your usual sparkle.","Listen to your body, darling! Cozy up for short naps to recharge your radiant energy."
3,"A missed period unfurls like a banner, heralding the possibility of new life.",What a moment! Take a pregnancy test and schedule a prenatal visit to step into this adventure with love.
3,Tender breasts protest with a soft ache at every touch.,"You are so strong! Slip into a comfy, supportive bra and rest easy to soothe those tender moments."
3,Frequent bathroom dashes sprinkle your day with unexpected urgency.,"Stay hydrated, dear! Drink plenty of water and embrace this as your body's way of preparing for greatness."
4,"A queasy tummy churns like a stormy sea, stealing your appetite's joy.",You are navigating beautifully! Nibble on crackers or sip ginger tea to calm your stomach with kindness.
4,"Exhaustion crashes like a gentle tide, sapping your usual zest.","Rest up, sweet one! Snuggle into naps and prioritize sleep to keep your glow shining bright."
4,A heightened sense of smell transforms the world into a vivid sensory kaleidoscope.,You are amazing! Avoid strong odors and use unscented products to keep your senses calm and cozy.
5,"Morning sickness swirls like a mischievous breeze, unsettling your mornings.","You are so resilient! Try small meals or ginger candies, and ask your doctor about acupressure bands for gentle relief."
5,"Breasts bloom with tenderness, aching with each movement.","Be kind to yourself, love! A supportive bra and warm compresses will wrap you in comfort."
5,Emotional whirlwinds toss your heart between joy and tears.,You are not alone! Try deep breathing or a warm chat with a friend to lift your spirits kindly.
6,"Bloating puffs up like a playful cloud, tightening your waistband.","You are glowing! Wear loose, comfy clothes and sip water to ease that fullness with care."
6,Food aversions twist your favorite flavors into unfamiliar foes.,"It's okay, darling! Experiment with bland snacks like toast to find what delights your tummy now."
6,"Frequent urination scampers through your day, demanding quick dashes.",You are doing great! Stay hydrated and plan for bathroom break's it's your body working its magic.
7,"Nausea lingers like a stubborn fog, testing your daily rhythm.",You are so strong! Try vitamin B6 or ginger (with doctor's approval) to soothe your tummy gently.
7,A whisper of weight gain signals your body's marvelous changes.,"Embrace this, love! Nourish yourself with proteins and veggies to support you and your little one."
7,"Increased discharge arrives like an uninvited guest, catching you off guard.","No stress, sweet one! Use panty liners and check with your doctor if it changes color or smell."
8,"Constipation stalls your flow, making things feel sluggish.","You have got this! Boost fiber with fruits and grains, and drink water to keep things moving smoothly."
8,"Headaches flicker like unwelcome sparks, adding a touch of discomfort.","Rest easy, dear! Stay hydrated, limit caffeine, and try a cool compress to ease those aches kindly."
8,"Emotional tides surge, bringing tears or laughter without warning.",You are incredible! Practice gentle relaxation like deep breathing to soothe your heart with love.
9,"Fatigue drapes over you like a heavy velvet curtain, slowing your sparkle.","You are amazing, mama! Take short walks or naps to lift your energy with tender care."
9,"Constipation lingers like a stubborn shadow, resisting your efforts.",Keep shining! Add prunes or fiber-rich snacks and stay active to ease things along gently.
9,"Smells amplify into a vibrant symphony, overwhelming your senses.",You are handling this so well! Stick to unscented soaps and avoid strong triggers to stay calm.
10,Mild cramps flutter like soft whispers of your growing miracle.,You are doing wonderfully! Rest with a warm compress and reach out to your doctor if pain sharpens.
10,"Bloating balloons your belly, making clothes feel like a squeeze.","Wear stretchy outfits, love! Small, frequent meals will keep your tummy light and happy."
10,Visible veins weave a delicate map across your changing body.,You are incredible! Embrace these changes and wear comfy clothes to feel your radiant best.
11,Heartburn ignites like a tiny spark after your meals.,"Oh, sweet one! Eat smaller meals and stay upright after eating to keep that burn at bay with ease."
11,"Vivid dreams spin wild tales, turning sleep into an adventure.",You are glowing through it all! Try a calming bedtime routine with soft music to rest peacefully.
11,"Fatigue lingers like a gentle mist, softening your energy.","Rest when you need, darling! A quick nap or prenatal yoga will recharge your beautiful spirit."
12,A ravenous appetite awakens as nausea begins to retreat.,"You are thriving! Fill up on nutrient-rich proteins, iron, and calcium to nourish your growing baby."
12,Mild aches ripple through your abdomen as your body stretches.,You are so strong! Try a warm compress or gentle stretching to ease those growing pains kindly.
12,"A radiant pregnancy glow blooms, illuminating your skin.","Keep shining, love! Moisturize daily and drink water to enhance that stunning glow."
13,"Cravings beckon like sirens, luring you to sweet or savory delights.",You are amazing! Satisfy them with healthy treats like fruit or yogurt to keep you both happy.
13,A stuffy nose blocks your breath like a pesky gatekeeper.,"No worries, dear! A saline nasal spray or humidifier will clear the way gently and comfortably."
13,Mild back pain tugs as your posture shifts with grace.,You have got this! Use a supportive pillow and practice good posture to ease your back with care.
14,"Clumsiness tiptoes in, making steps feel like a dance on clouds.","Take it slow, sweet mama! Move carefully and wear comfy shoes to keep your balance steady."
14,Weight gain blossoms as your baby bump unfurls its beauty.,You are glowing! Embrace your changing body with loose clothes and a nourishing diet.
14,"A surge of energy sparks like sunlight, brightening your days.",You are unstoppable! Try gentle exercise like walking or swimming to channel that vibrant glow.
15,"Bleeding gums surprise you, adding a tender twist to brushing.",You are doing great! Brush gently with a soft toothbrush and see your dentist for extra care.
15,"Dizziness sways you like a gentle breeze, catching you off guard.","Rest easy, love! Stay hydrated and change positions slowly to keep your balance steady."
15,Nasal congestion clogs your breath like a stubborn fog.,"Breathe easy, darling! A humidifier or saline spray will soothe your nose with kindness."
16,Heartburn flares like a fiery dragon after your meals.,You are so strong! Skip spicy foods and eat small meals to keep your tummy happy and calm.
16,"Constipation dawdles like a lazy river, slowing your rhythm.",You have got this! Load up on fiber-rich veggies and drink water to get things flowing smoothly.
16,"Fetal flutters dance like tiny butterflies, stealing your heart.","What a joy, mama! Start tracking those sweet kicks and let your doctor know if anything changes."
17,"Leg cramps jolt you awake, like unexpected nighttime visitors.",You are incredible! Stretch your calves gently before bed or try a warm bath to ease those cramps.
17,Round ligament pain tugs like a gentle stretch of your canvas.,"Rest easy, dear! A pregnancy support belt or warm compress will soothe those pains with love."
17,Back pain hums as your body cradles your growing miracle.,You are so resilient! Use a body pillow and try prenatal yoga to support your strong back.
18,"Light-headedness drifts in like a fleeting cloud, unsettling your balance.",You are doing wonderfully! Stay hydrated and sit down if dizzy to stay safe and comfy.
18,Carpal tunnel tingles weave through your hands like delicate threads.,"No stress, love! Try wrist splints at night and gentle stretches to ease the discomfort."
18,Stretch marks bloom like soft petals across your skin.,You are beautiful! Moisturize with cocoa butter to care for your skin's incredible journey.
19,"Heartburn crackles like a campfire, disrupting your meals.","You are glowing through it! Eat small, bland meals and avoid lying down right after to stay comfy."
19,Nasal congestion lingers like a persistent mist.,"You have got this, darling! Keep using saline sprays and a humidifier to breathe easy."
19,Round ligament pain pulls like a gentle tide as your belly grows.,"Rest up, sweet one! A heating pad or light stretching will ease those pains with care."
20,"Fetal kicks pirouette with growing strength, a joyful reminder.",What a miracle! Keep tracking those movements and share any changes with your doctor for peace of mind.
20,Mild swelling puffs your feet like soft clouds.,You are so strong! Elevate your feet and try compression socks to keep swelling gentle and manageable.
20,Leg cramps strike like sneaky midnight bandits.,You are amazing! Stretch before bed and stay hydrated to soothe those pesky cramps kindly.
21,Braxton-Hicks contractions ripple like practice waves for the big day.,"You have got this, mama! Stay hydrated and rest to calm those practice contractions with ease."
21,Back pain hums a steady tune as your bump blossoms.,You are incredible! A body pillow or prenatal massage will support your back with love.
21,Skin changes paint new patterns like delicate brushstrokes.,Embrace your beauty! Moisturize daily and use sunscreen to protect your radiant skin.
22,Insomnia tosses sleep into a restless sea of thoughts.,"Rest easy, dear! A calming bedtime routine with herbal tea or music will lull you to sleep."
22,Stretch marks unfurl like soft vines across your belly.,You are stunning! Keep moisturizing with gentle lotions to care for your skin's amazing journey.
22,Heartburn flickers like a stubborn flame after meals.,You are doing great! Eat smaller meals and avoid spicy foods to keep your tummy happy.
23,"Swelling blooms, making shoes feel like a tight embrace.",You are glowing! Elevate your feet and wear comfy shoes to ease swelling with kindness.
23,Frequent urination dashes in like an eager messenger.,You have got this! Stay hydrated and plan for bathroom breakfast ”it's your body's magic at work.
23,Vivid dreams weave fantastical tales through your nights.,"Sleep tight, love! Try journaling or a cozy bedtime routine to calm your mind gently."
24,Pregnancy brain scatters thoughts like autumn leaves.,"You are amazing, mama! Use notes or apps to stay organized and give yourself grace."
24,Backaches hum as your body carries its precious cargo.,You are so strong! Supportive footwear and a pregnancy pillow will ease your back with care.
24,Leg cramps pounce like playful kittens at night.,You have got this! Gentle stretches and warm baths will soothe those cramps with love.
25,"Labor anxiety bubbles like a simmering pot, stirring your thoughts.",You are incredible! Join antenatal classes or chat with your midwife to feel prepared and supported.
25,Pelvic discomfort tugs like a gentle anchor as your body shifts.,"Rest easy, dear! A support belt or side-lying with a pillow will comfort your pelvis."
25,Swelling puffs your hands or feet like soft pillows.,You are glowing! Keep elevating your legs and try compression socks for gentle relief.
26,"Stress headaches flicker like distant lightning, adding tension.","You are so resilient! Try relaxation techniques or a cool compress, and check with your doctor."
26,Insomnia weaves restless nights like a tangled tapestry.,"Sleep well, love! A warm bath or calming music will guide you to restful slumber."
26,Braxton-Hicks contractions ripple like gentle rehearsals.,You have got this! Stay hydrated and rest to ease those practice contractions kindly.
27,Shortness of breath flutters as your baby claims more space.,"Breathe easy, mama! Sit semi-upright and practice deep breathing to feel more comfortable."
27,"Swelling blooms, making movement feel like a gentle waltz.",You are amazing! Elevate your legs and wear loose clothes to keep swelling gentle.
27,"Heartburn crackles after meals, disrupting your calm.","You are doing great! Eat small, non-spicy meals and stay upright to soothe your tummy."
28,"Hemorrhoids sting like uninvited guests, causing discomfort.",You are so strong! Try witch hazel pads and a high-fiber diet to ease things with care.
28,"Colostrum leaks like tiny droplets of love, surprising you.",What a milestone! Use soft breast pads and embrace this sign of your bodyâ€™s nurturing.
28,Sore back hums as your bump grows heavier.,You have got this! A pregnancy pillow or gentle yoga will support your back kindly.
29,"Pelvic pain tugs like a steady tide, slowing your steps.","Rest easy, dear! A support belt and side-lying rest will soothe your pelvis with love."
29,"Fatigue drapes over you like a soft veil, slowing your glow.",You are incredible! Take short naps and listen to your body to recharge gently.
29,Shortness of breath deepens as space grows tight.,"You are glowing! Rest semi-upright and try slow, deep breaths for comfort."
30,"Frequent urination scurries back, keeping you on the move.",You are doing great! Stay hydrated and plan for bathroom breakfast your body's magic.
30,Braxton-Hicks contractions dance like practice runs for labor.,"You have got this, mama! Rest and hydrate to calm those practice contractions kindly."
30,"Tiredness settles like a gentle fog, softening your energy.","Rest up, love! Short naps and light movement will lift your energy with care."
31,Emotional waves crash as labor looms closer.,You are so strong! Share your feelings with a midwife or loved one for warm support.
31,Swelling puffs your feet or hands like soft clouds.,You are glowing! Keep elevating your legs and try compression socks for gentle relief.
31,Back pain sings a steady tune as your body works hard.,You are amazing! Use a body pillow and try prenatal yoga to ease your back kindly.
32,Itching on hands or feet prickles like a curious mystery.,"You are doing great! Check with your doctor for itching, and keep skin moisturized for comfort."
32,Pelvic pressure weighs like a gentle anchor as baby settles.,"Rest easy, dear! Supportive seating or a pregnancy pillow will ease the pressure with love."
32,Heartburn flares like a persistent spark after meals.,You are so resilient! Eat small meals and avoid lying down right after to stay comfy.
33,"Leg cramps leap like nighttime fireflies, startling your rest.",You are incredible! Stretch gently before bed and stay hydrated to soothe those cramps.
33,"Swelling blooms, making shoes feel like a snug hug.",You have got this! Elevate your feet and wear loose shoes to keep swelling gentle.
33,Back pain hums as your bump carries more weight.,You are glowing! A support belt or warm compress will ease your back with care.
34,"Fatigue wraps you like a soft blanket, slowing your days.","Rest up, mama! Take short naps and prioritize rest to recharge your beautiful energy."
34,Pelvic discomfort deepens like a steady drumbeat.,You are so strong! Use a pregnancy pillow and rest on your side for gentle relief.
34,Breathlessness tightens as your baby fills more space.,"Breathe easy, love! Sit upright and practice slow breathing to feel more comfortable."
35,Insomnia spins sleepless nights like a restless carousel.,You are amazing! Try a calming bedtime routine with soft music or a warm bath for rest.
35,"Frequent urination races back, keeping you on your toes.",You have got this! Limit fluids before bed and stay hydrated during the day with care.
35,"Pelvic pressure grows like a heavy blossom, grounding you.","Rest easy, dear! A support belt and cozy pillows will soothe your pelvis kindly."
36,Heartburn roars like a fiery companion after meals.,"You are doing great! Eat small, bland meals and stay upright to keep your tummy happy."
36,Swelling puffs your ankles like gentle clouds.,"You are glowing! Elevate your feet and try compression socks for gentle, cozy relief."
36,"Baby dropping shifts your center, adding pelvic weight.",What a milestone! Rest with pelvis elevated and prepare your hospital bag with love.
37,"Nesting urges spark like wildfire, urging you to prepare.","You are incredible! Channel that energy into light tasks like packing, and rest when needed."
37,Braxton-Hicks contractions pulse like gentle rehearsals.,"You have got this, mama! Stay hydrated and rest to ease those practice contractions."
37,"Fatigue settles like a soft dusk, slowing your pace.","Rest up, love! Take it easy with naps and gentle movement to save energy for the big day."
38,"Sleepless nights toss like a restless sea, challenging rest.",You are so strong! Use pillows for comfy sleep positions and try relaxation techniques.
38,"Swelling blooms, making movement a gentle dance.",You are glowing! Keep elevating your legs and wear loose clothes for gentle relief.
38,Back pain hums as your body readies for labor.,You are amazing! A warm compress or pregnancy pillow will support your back kindly.
39,Early contractions flicker like the first stars of labor.,You are almost there! Monitor with the 4-1-1 rule and call your doctor if they grow regular.
39,"Pelvic pressure weighs like a heavy bloom, signaling the finale.","Rest easy, dear! Rest on your side with pillows and breathe deeply to stay calm and comfy."
39,Insomnia swirls as excitement for baby have arrival builds.,You are  incredible! Try calming affirmations or a warm bath to ease into restful sleep.
40,"Labor anxiety hums like a quiet storm, stirring your heart.","You are so strong, mama! Practice breathing exercises and lean on your support team for love."
40,"Irregular contractions tease like playful waves, hinting at labor.",You have got this! Monitor timing and rest to save energy; call your doctor if they strengthen.
40,Intense pelvic pressure anchors you as baby prepares to arrive.,You are glowing! Rest with pillows and try light walking (if approved) to ease into labor.
